"[EFH] freistehend, KG, EG, DG voll ausgebaut "
"[EFH] freistehend, KG, EG, DG nicht ausgebaut "
"[EFH] freistehend, KG, EG, Flachdach oder flach geneigtes Dach "
"[EFH] freistehend, KG, EG, OG, DG voll ausgebaut "
"[EFH] freistehend, KG, EG, OG, DG nicht ausgebaut "
"[EFH] freistehend, KG, EG, OG, Flachdach oder flach geneigtes Dach "
"[EFH] freistehend, EG, nicht unterkellert, DG voll ausgebaut "
"[EFH] freistehend, EG, nicht unterkellert, DG nicht ausgebaut "
"[EFH] freistehend, EG, nicht unterkellert, Flachdach oder flach geneigtes Dach "
"[EFH] freistehend, EG, OG, nicht unterkellert, DG voll ausgebaut "
"[EFH] freistehend, EG, OG, nicht unterkellert, DG nicht ausgebaut "
"[EFH] freistehend, EG, OG, nicht unterkellert, Flachdach oder flach geneigtes Dach "
"[ZFH] freistehend, KG, EG, DG voll ausgebaut "
"[ZFH] freistehend, KG, EG, DG nicht ausgebaut "
"[ZFH] freistehend, KG, EG, Flachdach oder flach geneigtes Dach "
"[ZFH] freistehend, KG, EG, OG, DG voll ausgebaut "
"[ZFH] freistehend, KG, EG, OG, DG nicht ausgebaut "
"[ZFH] freistehend, KG, EG, OG, Flachdach oder flach geneigtes Dach "
"[ZFH] freistehend, EG, nicht unterkellert, DG voll ausgebaut "
"[ZFH] freistehend, EG, nicht unterkellert, DG nicht ausgebaut "
"[ZFH] freistehend, EG, nicht unterkellert, Flachdach oder flach geneigtes Dach "
"[ZFH] freistehend, EG, OG, nicht unterkellert, DG voll ausgebaut "
"[ZFH] freistehend, EG, OG, nicht unterkellert, DG nicht ausgebaut "
"[ZFH] freistehend, EG, OG, nicht unterkellert, Flachdach oder flach geneigtes Dach "
"[EFH/ZFH] Doppel- und Reihenendh., KG, EG, DG voll ausgebaut "
"[EFH/ZFH] Doppel- und Reihenendh., KG, EG, DG nicht ausgebaut "
"[EFH/ZFH] Doppel- und Reihenendh., KG, EG, Flachdach oder flach geneigtes Dach "
"[EFH/ZFH] Doppel- und Reihenendh., KG, EG, OG, DG voll ausgebaut "
"[EFH/ZFH] Doppel- und Reihenendh., KG, EG, OG, DG nicht ausgebaut "
"[EFH/ZFH] Doppel- und Reihenendh., KG, EG, OG, Flachdach oder flach geneigtes Dach "
"[EFH/ZFH] Doppel- und Reihenendh., EG, nicht unterkellert, DG voll ausgebaut "
"[EFH/ZFH] Doppel- und Reihenendh., EG, nicht unterkellert, DG nicht ausgebaut "
"[EFH/ZFH] Doppel- und Reihenendh., EG, nicht unterkellert, Flachdach oder flach geneigtes Dach "
"[EFH/ZFH] Doppel- und Reihenendh., EG, OG, nicht unterkellert, DG voll ausgebaut "
"[EFH/ZFH] Doppel- und Reihenendh., EG, OG, nicht unterkellert, DG nicht ausgebaut "
"[EFH/ZFH] Doppel- und Reihenendh., EG, OG, nicht unterkellert, Flachdach oder flach geneigtes Dach "
"[EFH/ZFH] Reihenmittelh., KG, EG, DG voll ausgebaut "
"[EFH/ZFH] Reihenmittelh., KG, EG, DG nicht ausgebaut "
"[EFH/ZFH] Reihenmittelh., KG, EG, Flachdach oder flach geneigtes Dach "
"[EFH/ZFH] Reihenmittelh., KG, EG, OG, DG voll ausgebaut "
"[EFH/ZFH] Reihenmittelh., KG, EG, OG, DG nicht ausgebaut "
"[EFH/ZFH] Reihenmittelh., KG, EG, OG, Flachdach oder flach geneigtes Dach "
"[EFH/ZFH] Reihenmittelh., EG, nicht unterkellert, DG voll ausgebaut "
"[EFH/ZFH] Reihenmittelh., EG, nicht unterkellert, DG nicht ausgebaut "
"[EFH/ZFH] Reihenmittelh., EG, nicht unterkellert, Flachdach oder flach geneigtes Dach "
"[EFH/ZFH] Reihenmittelh., EG, OG, nicht unterkellert, DG voll ausgebaut "
"[EFH/ZFH] Reihenmittelh., EG, OG, nicht unterkellert, DG nicht ausgebaut "
"[EFH/ZFH] Reihenmittelh., EG, OG, nicht unterkellert, Flachdach oder flach geneigtes Dach "
Mietwohngrundstücke (Mehrfamilienhäuser) +1
Wohnungseigentum [WE] +1
Teileigentum: Mietwohngrundstücke (Mehrfamilienhäuser) +1
Ein- und Zweifamilienhäuser [EFH/ZFH] (ohne weitere Angaben) +1
"gemischt genutzte Grundstücke, Wohnhäuser mit Mischnutzung (gewerbl. Anteil < 50%) +1"
"gemischt genutzte Grundstücke, Wohnhäuser mit Mischnutzung (gewerbl. Anteil > 50%) +1"
"Geschäftsgrundstücke, Geschäftshäuser "
"Geschäftsgrundstücke, Bürogebäude "
Geschäftsgrundstücke für gewerbliche Nutzung (z. B. SB-Verbrauchermärkte)
"Geschäftsgrundstücke für gewerbliche Nutzung (z. B. Lager-, Logistik- und Produktionshallen) "
Teileigentum: gemischt genutzte Grundstücke (gewerbl. Anteil < 50%)
Teileigentum: gemischt genutzte Grundstücke (gewerbl. Anteil > 50%)
Teileigentum: Geschäftsgrundstücke (Bürog.)
Teileigentum: Geschäftsgrundstücke (Geschäfts.)